INSERT INTO TB_PLAYER_POSITION (NAME) VALUES ('Goalkeeper');
INSERT INTO TB_PLAYER_POSITION (NAME) VALUES ('Defender');
INSERT INTO TB_PLAYER_POSITION (NAME) VALUES ('Midfielder');
INSERT INTO TB_PLAYER_POSITION (NAME) VALUES ('Forward');

INSERT INTO TB_CATEGORY (NAME) VALUES ('Under 15');
INSERT INTO TB_CATEGORY (NAME) VALUES ('Under 17');
INSERT INTO TB_CATEGORY (NAME) VALUES ('Under 20');

INSERT INTO TB_ADDRESS_ATHLETE (STREET, LOCAL_NUMBER, COMPLEMENT,ZIP_CODE, NEIGHBORHOOD, CITY, STATE, COUNTRY) VALUES ('123 Main St', '456', 'Apt 789', '12345-678', 'Downtown', 'Metropolis', 'NY', 'USA');
INSERT INTO TB_ADDRESS_ATHLETE (STREET, LOCAL_NUMBER, COMPLEMENT,ZIP_CODE, NEIGHBORHOOD, CITY, STATE, COUNTRY) VALUES ('456 Elm St', '101', '', '23456-789', 'Uptown', 'Gotham', 'NJ', 'USA');
INSERT INTO TB_ADDRESS_ATHLETE (STREET, LOCAL_NUMBER, COMPLEMENT,ZIP_CODE, NEIGHBORHOOD, CITY, STATE, COUNTRY) VALUES ('789 Oak St', '202', 'Suite 303', '34567-890', 'Midtown', 'Star City', 'CA', 'USA');
INSERT INTO TB_ADDRESS_ATHLETE (STREET, LOCAL_NUMBER, COMPLEMENT,ZIP_CODE, NEIGHBORHOOD, CITY, STATE, COUNTRY) VALUES ('321 Pine St', '404', '', '45678-901', 'Old Town', 'Central City', 'IL', 'USA');

INSERT INTO TB_PERSONAL_DOCUMENTS (CPF, RG, PASSPORT, BIDCBF) VALUES ('123.456.789-00', 'MG-12.345.678', 'P1234567', 'BID123456');
INSERT INTO TB_PERSONAL_DOCUMENTS (CPF, RG, PASSPORT, BIDCBF) VALUES ('987.654.321-00', 'SP-87.654.321', 'P7654321', 'BID765432');
INSERT INTO TB_PERSONAL_DOCUMENTS (CPF, RG, PASSPORT, BIDCBF) VALUES ('111.222.333-44', 'RJ-11.222.333', 'P1122334', 'BID112233');
INSERT INTO TB_PERSONAL_DOCUMENTS (CPF, RG, PASSPORT, BIDCBF) VALUES ('555.666.777-88', 'BA-55.666.777', 'P5566778', 'BID556677');

INSERT INTO TB_CONTRACT (HAS_CONTRACT, SALARY,DURATION, START_DATE, END_DATE, CONTRACT_PDF, CONTRACT_TYPE) VALUES (true, 50000.00, 24, '2023-01-01', '2024-12-31', 'contract1.pdf', 1);
INSERT INTO TB_CONTRACT (HAS_CONTRACT, SALARY,DURATION, START_DATE, END_DATE, CONTRACT_PDF, CONTRACT_TYPE) VALUES (true, 30000.00, 12, '2023-06-01', '2024-05-31', 'contract2.pdf', 1);
INSERT INTO TB_CONTRACT (HAS_CONTRACT, SALARY,DURATION, START_DATE, END_DATE, CONTRACT_PDF, CONTRACT_TYPE) VALUES (false, 0.00, 0, NULL, NULL, NULL, 0);
INSERT INTO TB_CONTRACT (HAS_CONTRACT, SALARY,DURATION, START_DATE, END_DATE, CONTRACT_PDF, CONTRACT_TYPE) VALUES (true, 40000.00, 18, '2022-07-01', '2024-12-31', 'contract3.pdf', 2);

INSERT INTO TB_ATHLETE_STATISTICS (ASSISTS, AVERAGE_PSE, AVERAGE_PSR, GOALS_SCORED, INJURIES, MATCHES_PLAYED, MINUTES_PLAYED, RED_CARDS, YELLOW_CARDS, LAST_UPDATED) VALUES (5, 7.5, 8.0, 10, 2, 20, 1500, 1, 3, '2024-05-01');
INSERT INTO TB_ATHLETE_STATISTICS (ASSISTS, AVERAGE_PSE, AVERAGE_PSR, GOALS_SCORED, INJURIES, MATCHES_PLAYED, MINUTES_PLAYED, RED_CARDS, YELLOW_CARDS, LAST_UPDATED) VALUES (3, 6.5, 7.0, 5, 1, 15, 1200, 0, 2, '2024-04-15');
INSERT INTO TB_ATHLETE_STATISTICS (ASSISTS, AVERAGE_PSE, AVERAGE_PSR, GOALS_SCORED, INJURIES, MATCHES_PLAYED, MINUTES_PLAYED, RED_CARDS, YELLOW_CARDS, LAST_UPDATED) VALUES (8, 8.5, 9.0, 15, 3, 25, 2000, 2, 4, '2024-06-01');	
INSERT INTO TB_ATHLETE_STATISTICS (ASSISTS, AVERAGE_PSE, AVERAGE_PSR, GOALS_SCORED, INJURIES, MATCHES_PLAYED, MINUTES_PLAYED, RED_CARDS, YELLOW_CARDS, LAST_UPDATED) VALUES (2, 5.5, 6.0, 3, 0, 10, 800, 0, 1, '2024-03-20');

INSERT INTO TB_ATHLETE (NAME, PHOTO, BIRTH_DATE, JERSEY_NUMBER, HEIGHT, WEIGHT, PREFERRED_FOOT, IS_ACTIVE, PHONE_NUMBER, ADDRESS_ID, PERSONAL_DOCUMENTS_ID, ATHLETE_STATISTICS_ID) VALUES ('John Doe', 'johndoe.jpg', '2005-03-15', 10, 180.5, 75.0, 'Right', true, '(123) 456-7890',1,1,1);
INSERT INTO TB_ATHLETE (NAME, PHOTO, BIRTH_DATE, JERSEY_NUMBER, HEIGHT, WEIGHT, PREFERRED_FOOT, IS_ACTIVE, PHONE_NUMBER, ADDRESS_ID, PERSONAL_DOCUMENTS_ID, ATHLETE_STATISTICS_ID) VALUES ('Jane Smith', 'janesmith.jpg', '2006-07-22', 8, 165.0, 60.0, 'Left', true, '(987) 654-3210',2,2,2);
INSERT INTO TB_ATHLETE (NAME, PHOTO, BIRTH_DATE, JERSEY_NUMBER, HEIGHT, WEIGHT, PREFERRED_FOOT, IS_ACTIVE, PHONE_NUMBER, ADDRESS_ID, PERSONAL_DOCUMENTS_ID, ATHLETE_STATISTICS_ID) VALUES ('Mike Johnson', 'mikejohnson.jpg', '2004-11-05', 5, 190.0, 85.0, 'Right', false, '(555) 123-4567',3,3,3);
INSERT INTO TB_ATHLETE (NAME, PHOTO, BIRTH_DATE, JERSEY_NUMBER, HEIGHT, WEIGHT, PREFERRED_FOOT, IS_ACTIVE, PHONE_NUMBER, ADDRESS_ID, PERSONAL_DOCUMENTS_ID, ATHLETE_STATISTICS_ID) VALUES ('Emily Davis', 'emilydavis.jpg', '2005-02-28', 11, 170.0, 65.0, 'Left', true, '(444) 987-6543',4,4,4);

INSERT INTO TB_USER (FIRST_NAME, LAST_NAME, EMAIL, PASSWORD) VALUES ('Elissandro', 'Aparecido Anastácio', 'elissandro@gmail.com', '123456');

INSERT INTO TB_ROLE (AUTHORITY) VALUES ('ROLE_ADMIN');
INSERT INTO TB_ROLE (AUTHORITY) VALUES ('ROLE_USER');
INSERT INTO TB_ROLE (AUTHORITY) VALUES ('ROLE_MANAGER');

INSERT INTO TB_USER_ROLE (USER_ID, ROLE_ID) VALUES (1, 1);
INSERT INTO TB_USER_ROLE (USER_ID, ROLE_ID) VALUES (1, 2);
INSERT INTO TB_USER_ROLE (USER_ID, ROLE_ID) VALUES (1, 3);

INSERT INTO TB_OPPONENT(NAME, CITY, STATE, STADIUM, LOGO_URL, CREATED_AT, UPDATED_AT) VALUES ('Rival FC', 'Rival City', 'RC', 'Rival Stadium', 'rival_logo.png', '2024-01-01', '2024-01-01');
INSERT INTO TB_OPPONENT(NAME, CITY, STATE, STADIUM, LOGO_URL, CREATED_AT, UPDATED_AT) VALUES ('Challenger United', 'Challenger Town', 'CT', 'Challenger Arena', 'challenger_logo.png', '2024-02-01', '2024-02-01');
INSERT INTO TB_OPPONENT(NAME, CITY, STATE, STADIUM, LOGO_URL, CREATED_AT, UPDATED_AT) VALUES ('Contender SC', 'Contender Ville', 'CV', 'Contender Field', 'contender_logo.png', '2024-03-01', '2024-03-01');
INSERT INTO TB_OPPONENT(NAME, CITY, STATE, STADIUM, LOGO_URL, CREATED_AT, UPDATED_AT) VALUES ('Adversary AFC', 'Adversary Borough', 'AB', 'Adversary Ground', 'adversary_logo.png', '2024-04-01', '2024-04-01');

INSERT INTO TB_OPPONENT_CATEGORY (OPPONENT_ID, CATEGORY_ID) VALUES (1, 1);
INSERT INTO TB_OPPONENT_CATEGORY (OPPONENT_ID, CATEGORY_ID) VALUES (2, 2);
INSERT INTO TB_OPPONENT_CATEGORY (OPPONENT_ID, CATEGORY_ID) VALUES (3, 3);
INSERT INTO TB_OPPONENT_CATEGORY (OPPONENT_ID, CATEGORY_ID) VALUES (4, 1);
INSERT INTO TB_OPPONENT_CATEGORY (OPPONENT_ID, CATEGORY_ID) VALUES (1, 2);
INSERT INTO TB_OPPONENT_CATEGORY (OPPONENT_ID, CATEGORY_ID) VALUES (2, 3);
INSERT INTO TB_OPPONENT_CATEGORY (OPPONENT_ID, CATEGORY_ID) VALUES (3, 1);
INSERT INTO TB_OPPONENT_CATEGORY (OPPONENT_ID, CATEGORY_ID) VALUES (4, 2);

INSERT INTO TB_MATCH (STATUS, RESULT, VENUE, GOALS_FOR, GOALS_AGAINST, MATCH_DATE, CREATED_AT, UPDATED_AT, OPPONENT_ID) VALUES (1, 0, 0, 2, 1, NOW(), '2024-06-01', '2024-06-01', 1);
INSERT INTO TB_MATCH (STATUS, RESULT, VENUE, GOALS_FOR, GOALS_AGAINST, MATCH_DATE, CREATED_AT, UPDATED_AT, OPPONENT_ID) VALUES (0, 2, 1, 0, 0, NOW(), '2024-06-01', '2024-06-01', 2);
INSERT INTO TB_MATCH (STATUS, RESULT, VENUE, GOALS_FOR, GOALS_AGAINST, MATCH_DATE, CREATED_AT, UPDATED_AT, OPPONENT_ID) VALUES (2, 1, 0, 1, 3, NOW(), '2024-06-01', '2024-06-01', 3);
INSERT INTO TB_MATCH (STATUS, RESULT, VENUE, GOALS_FOR, GOALS_AGAINST, MATCH_DATE, CREATED_AT, UPDATED_AT, OPPONENT_ID) VALUES (1, 2, 1, 0, 0, NOW(), '2024-06-01', '2024-06-01', 4);

INSERT INTO TB_PENALTY (MATCH_ID, DATE, TYPE, REASON, SERVED, SUSPENTION_GAMES, ATHLETE_ID, CREATED_AT, UPDATED_AT)	 VALUES (1,'2025-11-01',0, 'Foul Play', true, 1, 1, '2024-05-10', '2024-05-10');
INSERT INTO TB_PENALTY (MATCH_ID, DATE, TYPE, REASON, SERVED, SUSPENTION_GAMES, ATHLETE_ID, CREATED_AT, UPDATED_AT)	 VALUES (2,'2025-11-05',1, 'Serious Foul Play', false, 3, 2, '2024-06-15', '2024-06-15');
INSERT INTO TB_PENALTY (MATCH_ID, DATE, TYPE, REASON, SERVED, SUSPENTION_GAMES, ATHLETE_ID, CREATED_AT, UPDATED_AT)	 VALUES (3,'2025-11-05',0, 'Unsporting Behavior', true, 1, 3, '2024-04-20', '2024-04-20');	
INSERT INTO TB_PENALTY (MATCH_ID, DATE, TYPE, REASON, SERVED, SUSPENTION_GAMES, ATHLETE_ID, CREATED_AT, UPDATED_AT)	 VALUES (4,'2025-11-01',1, 'Violent Conduct', false, 2, 4, '2024-07-05', '2024-07-05');

INSERT INTO TB_COMPETITION(ACTIVE, END_DATE, START_DATE, TYPE, CREATED_AT, UPDATED_AT, NAME, REGULATIONS) VALUES (1, '2024-12-31', '2024-01-01', 1, '2024-01-01', '2024-01-01', 'Summer League', 'Standard regulations for summer league.');
INSERT INTO TB_COMPETITION(ACTIVE, END_DATE, START_DATE, TYPE, CREATED_AT, UPDATED_AT, NAME, REGULATIONS) VALUES (0, '2023-12-31', '2023-01-01', 2, '2023-01-01', '2023-01-01', 'Winter Cup', 'Standard regulations for winter cup.');
INSERT INTO TB_COMPETITION(ACTIVE, END_DATE, START_DATE, TYPE, CREATED_AT, UPDATED_AT, NAME, REGULATIONS) VALUES (1, '2024-06-30', '2024-03-01', 1, '2024-03-01', '2024-03-01', 'Spring Tournament', 'Standard regulations for spring tournament.');
INSERT INTO TB_COMPETITION(ACTIVE, END_DATE, START_DATE, TYPE, CREATED_AT, UPDATED_AT, NAME, REGULATIONS) VALUES (0, '2022-12-31', '2022-01-01', 2, '2022-01-01', '2022-01-01', 'Autumn Championship', 'Standard regulations for autumn championship.');

INSERT INTO TB_COMPETITION_CATEGORY (COMPETITION_ID, CATEGORY_ID) VALUES (1, 1);
INSERT INTO TB_COMPETITION_CATEGORY (COMPETITION_ID, CATEGORY_ID) VALUES (2, 2);
INSERT INTO TB_COMPETITION_CATEGORY (COMPETITION_ID, CATEGORY_ID) VALUES (3, 3);
INSERT INTO TB_COMPETITION_CATEGORY (COMPETITION_ID, CATEGORY_ID) VALUES (4, 1);
INSERT INTO TB_COMPETITION_CATEGORY (COMPETITION_ID, CATEGORY_ID) VALUES (1, 2);
INSERT INTO TB_COMPETITION_CATEGORY (COMPETITION_ID, CATEGORY_ID) VALUES (2, 3);
INSERT INTO TB_COMPETITION_CATEGORY (COMPETITION_ID, CATEGORY_ID) VALUES (3, 1);
INSERT INTO TB_COMPETITION_CATEGORY (COMPETITION_ID, CATEGORY_ID) VALUES (4, 2);


INSERT INTO TB_COMPETITION_MATCH (COMPETITION_ID, MATCH_ID) VALUES (1, 1);
INSERT INTO TB_COMPETITION_MATCH (COMPETITION_ID, MATCH_ID) VALUES (2, 2);
INSERT INTO TB_COMPETITION_MATCH (COMPETITION_ID, MATCH_ID) VALUES (3, 3);
INSERT INTO TB_COMPETITION_MATCH (COMPETITION_ID, MATCH_ID) VALUES (4, 4);
INSERT INTO TB_COMPETITION_MATCH (COMPETITION_ID, MATCH_ID) VALUES (1, 2);
INSERT INTO TB_COMPETITION_MATCH (COMPETITION_ID, MATCH_ID) VALUES (2, 3);

INSERT INTO TB_MATCH_ANALYSIS (BALL_POSSESSION, COMPLETE_PASSES, CORNERS, CROSSES, CROSSES_COMPLETED, DUELS, DUELS_WON, FINALIZATIONS, FINALIZATIONS_ON_TARGET, FOULS_COMITTED, FOULS_SUFFERED, LONG_BALLS, LONG_BALLS_COMPLETED, OFFSIDES, PASS_ACCURACY, PASSES, PRESSURE_AFTER_LOSS_LOST, PRESSURE_AFTER_LOSS_NONE, PRESSURE_AFTER_LOSS_WON, MATCH_ID, ANALYZED_AT_ID, OBSERVATIONS) VALUES (55.0, 300, 5, 20, 10, 150, 80, 15, 7, 12, 10, 25, 15, 3, 80.0, 400, 5, 10, 15, 1,1L, 'Good overall performance with strong midfield control.');

INSERT INTO TB_MATCH_PLAYER_STATISTICS(ASSISTS, GOALS, INTERCEPTIONS, MINUTES_PLAYED, PASSES, PASSES_COMPLETED, RED_CARDS, TACKLES, YELLOW_CARDS, ATHLETE_ID, MATCH_ID, RECORDED_AT) VALUES (1, 2, 3, 90, 50, 40, 0, 5, 1, 1, 1, NOW());
INSERT INTO TB_MATCH_PLAYER_STATISTICS(ASSISTS, GOALS, INTERCEPTIONS, MINUTES_PLAYED, PASSES, PASSES_COMPLETED, RED_CARDS, TACKLES, YELLOW_CARDS, ATHLETE_ID, MATCH_ID, RECORDED_AT) VALUES (0, 0, 1, 45, 30, 20, 0, 2, 0, 2, 1, NOW());
INSERT INTO TB_MATCH_PLAYER_STATISTICS(ASSISTS, GOALS, INTERCEPTIONS, MINUTES_PLAYED, PASSES, PASSES_COMPLETED, RED_CARDS, TACKLES, YELLOW_CARDS, ATHLETE_ID, MATCH_ID, RECORDED_AT) VALUES (2, 1, 4, 90, 60, 50, 1, 6, 2, 3, 2, NOW());
INSERT INTO TB_MATCH_PLAYER_STATISTICS(ASSISTS, GOALS, INTERCEPTIONS, MINUTES_PLAYED, PASSES, PASSES_COMPLETED, RED_CARDS, TACKLES, YELLOW_CARDS, ATHLETE_ID, MATCH_ID, RECORDED_AT) VALUES (0, 0, 0, 30, 20, 15, 0, 1, 0, 4, 2, NOW());




